order_id,order_date,product_category,customer_type,units,unit_price,order_value,shipping_cost,delivery_days,customer_rating
NC-20453,2026-01-01,Beauty,Returning,1,661.89,661.89,111.96,4.7,5
NC-20219,2026-01-01,Electronics,Returning,1,5494.66,5494.66,119.22,1.0,4
NC-20243,2026-01-01,Apparel,Returning,2,453.01,906.02,161.54,4.5,5
NC-20329,2026-01-02,Electronics,New,1,5545.33,5545.33,157.2,6.0,4
NC-20287,2026-01-02,Apparel,Wholesale,46,951.31,43760.26,147.33,5.0,3
NC-20192,2026-01-04,Home & Living,New,1,1087.28,1087.28,175.98,6.0,4
NC-20396,2026-01-04,Electronics,Returning,3,2309.28,69278.4,182.48,1.5,4
NC-20136,2026-01-04,Apparel,Returning,3,1058.56,3175.68,187.78,3.5,2
NC-20224,2026-01-05,Home & Living,New,3,598.49,1795.47,162.64,6.9,4
NC-20440,2026-01-05,Electronics,Returning,1,2066.68,2066.68,149.58,2.7,4
NC-20461,2026-01-05,Apparel,Returning,1,583.51,583.51,148.13,4.8,5
NC-20110,2026-01-06,Home & Living,New,2,1585.9,3171.8,151.87,2.1,4
NC-20080,2026-01-06,Electronics,New,2,5631.24,11262.48,185.97,7.4,2
NC-20499,2026-01-07,Home & Living,Wholesale,30,929.6,27888.0,182.88,7.5,2
NC-20012,2026-01-07,Apparel,Returning,1,804.57,804.57,155.68,2.3,5
NC-20026,2026-01-08,Home & Living,Returning,1,2437.56,2437.56,171.94,4.0,5
NC-20399,2026-01-08,Sports,Returning,2,1573.42,3146.84,100.07,4.5,5
NC-20176,2026-01-08,Apparel,Returning,3,2574.64,7723.92,129.42,4.7,4
NC-20366,2026-01-08,Home & Living,New,3,749.91,2249.73,120.74,4.4,3
NC-20218,2026-01-09,Beauty,Returning,1,567.25,567.25,218.05,3.6,4
NC-20034,2026-01-09,Electronics,Returning,5,2864.74,14323.7,184.14,3.0,3
NC-20344,2026-01-09,Apparel,New,1,1709.6,1709.6,156.45,5.0,5
NC-20437,2026-01-09,Apparel,Wholesale,54,391.72,21152.88,205.24,4.5,2
NC-20061,2026-01-09,Home & Living,Returning,1,1447.04,1447.04,224.63,5.2,5
NC-20457,2026-01-12,Home & Living,Returning,1,604.83,604.83,164.4,5.3,4
NC-20349,2026-01-12,Apparel,Returning,2,1336.08,2672.16,132.46,3.7,5
NC-20295,2026-01-12,Beauty,New,3,576.46,1729.38,116.78,5.0,5
NC-20121,2026-01-12,Electronics,New,2,15608.59,31217.18,138.76,3.0,4
NC-20144,2026-01-12,Beauty,Returning,2,949.41,1898.82,107.48,3.9,2
NC-20023,2026-01-12,Home & Living,New,1,4233.83,4233.83,159.41,7.7,4
NC-20281,2026-01-12,Home & Living,Returning,1,1847.07,1847.07,202.97,1.0,4
NC-20028,2026-01-13,Sports,Wholesale,60,651.37,39082.2,216.31,5.5,4
NC-20217,2026-01-13,Beauty,New,3,572.76,1718.28,161.99,3.1,5
NC-20319,2026-01-13,Electronics,New,3,2910.21,8730.63,147.14,4.0,3
NC-20398,2026-01-13,Electronics,Returning,2,2764.27,5528.54,119.23,2.8,5
NC-20298,2026-01-13,Beauty,Returning,1,925.92,925.92,194.89,3.4,2
NC-20027,2026-01-13,Apparel,New,3,666.46,1999.38,190.08,3.6,2
NC-20092,2026-01-14,Beauty,Returning,2,808.79,1617.58,87.05,3.4,5
NC-20113,2026-01-14,Electronics,Returning,1,2214.12,2214.12,159.84,5.6,5
NC-20470,2026-01-14,Beauty,Returning,1,534.43,534.43,136.73,5.4,4
NC-20047,2026-01-14,Electronics,New,3,1711.14,5133.42,107.97,4.3,4
NC-20049,2026-01-16,Home & Living,Returning,2,725.42,1450.84,122.98,10.6,1
NC-20389,2026-01-16,Beauty,Returning,3,732.36,2197.08,145.99,4.1,2
NC-20200,2026-01-16,Home & Living,New,1,1218.45,1218.45,124.6,4.4,5
NC-20221,2026-01-17,Sports,New,3,1212.6,3637.8,170.15,5.7,5
NC-20345,2026-01-18,Electronics,New,4,10100.98,40403.92,175.13,4.7,4
NC-20079,2026-01-18,Home & Living,Returning,2,2345.07,4690.14,158.9,5.6,4
NC-20074,2026-01-18,Home & Living,Wholesale,53,753.95,39959.35,195.67,8.4,2
NC-20403,2026-01-18,Electronics,Wholesale,30,1170.7,35121.0,146.51,5.4,4
NC-20416,2026-01-18,Home & Living,New,1,3175.12,3175.12,133.15,4.6,2
NC-20352,2026-01-18,Electronics,New,1,7211.96,7211.96,121.93,1.1,3
NC-20091,2026-01-19,Electronics,Returning,3,1613.72,4841.16,158.19,5.1,5
NC-20296,2026-01-19,Sports,Returning,1,1550.6,1550.6,126.66,2.3,4
NC-20492,2026-01-20,Apparel,New,2,510.86,1021.72,175.88,5.6,5
NC-20385,2026-01-21,Apparel,New,1,1030.05,1030.05,136.6,4.2,5
NC-20468,2026-01-21,Beauty,Returning,1,1075.09,1075.09,103.05,4.8,5
NC-20105,2026-01-22,Beauty,New,1,559.68,559.68,110.26,3.6,4
NC-20346,2026-01-23,Sports,Returning,1,1111.78,1111.78,170.1,4.6,4
NC-20185,2026-01-24,Sports,New,2,703.05,1406.1,138.27,4.4,4
NC-20340,2026-01-24,Electronics,Returning,3,8634.02,25902.06,165.89,1.0,4
NC-20324,2026-01-24,Beauty,Returning,2,1040.2,2080.4,158.5,4.8,3
NC-20339,2026-01-25,Apparel,New,1,991.51,991.51,172.48,4.2,5
NC-20392,2026-01-25,Beauty,Wholesale,54,602.52,32536.08,196.29,4.9,4
NC-20301,2026-01-25,Home & Living,Wholesale,42,817.44,34332.48,208.06,9.4,2
NC-20231,2026-01-25,Apparel,New,1,617.82,617.82,113.05,3.2,2
NC-20433,2026-01-26,Home & Living,Wholesale,31,964.5,29899.5,156.12,10.0,2
NC-20313,2026-01-26,Home & Living,Wholesale,50,677.05,33852.5,118.29,4.0,2
NC-20315,2026-01-26,Apparel,New,2,1168.62,2337.24,201.8,4.4,4
NC-20395,2026-01-27,Apparel,New,4,1082.26,4329.04,189.35,4.3,4
NC-20369,2026-01-27,Beauty,New,2,320.58,641.16,139.25,3.7,5
NC-20377,2026-01-27,Apparel,Returning,2,1353.81,2707.62,83.65,4.1,4
NC-20128,2026-01-28,Apparel,New,2,1255.4,2510.8,104.97,3.3,3
NC-20337,2026-01-28,Beauty,Returning,3,249.86,749.58,149.16,5.4,4
NC-20152,2026-01-28,Beauty,New,1,461.39,461.39,112.69,3.9,4
NC-20387,2026-01-28,Sports,New,1,683.35,683.35,147.55,2.1,4
NC-20477,2026-01-28,Home & Living,New,1,3362.94,3362.94,147.52,4.8,4
NC-20142,2026-01-29,Home & Living,Returning,2,2196.76,4393.52,149.02,4.4,5
NC-20449,2026-01-30,Home & Living,Returning,2,2135.69,4271.38,85.42,14.0,1
NC-20087,2026-01-31,Home & Living,Wholesale,45,793.26,35696.7,154.62,3.7,5
NC-20139,2026-02-01,Home & Living,Returning,1,1526.56,1526.56,93.8,4.8,4
NC-20114,2026-02-01,Sports,New,2,1604.3,3208.6,120.36,5.5,5
NC-20336,2026-02-02,Apparel,New,1,974.67,974.67,186.34,3.9,5
NC-20010,2026-02-02,Apparel,New,2,1445.6,2891.2,178.59,4.7,3
NC-20473,2026-02-02,Beauty,Wholesale,57,734.05,41840.85,168.09,4.0,5
NC-20052,2026-02-03,Home & Living,Returning,2,1434.97,2869.94,198.46,5.4,4
NC-20118,2026-02-03,Electronics,New,2,13789.88,27579.76,179.41,2.8,3
NC-20148,2026-02-03,Apparel,New,2,662.06,1324.12,146.23,4.1,5
NC-20016,2026-02-04,Home & Living,Returning,2,2526.43,5052.86,176.07,28.5,2
NC-20409,2026-02-04,Apparel,New,1,1190.29,1190.29,165.34,4.7,2
NC-20410,2026-02-04,Beauty,New,1,471.93,4719.3,152.84,4.6,5
NC-20498,2026-02-04,Apparel,New,2,767.61,1535.22,140.75,4.6,3
NC-20013,2026-02-05,Apparel,New,1,835.16,835.16,146.81,4.9,5
NC-20448,2026-02-06,Beauty,Returning,1,471.76,471.76,176.14,4.2,4
NC-20497,2026-02-06,Beauty,Returning,1,421.94,421.94,140.17,5.5,3
NC-20246,2026-02-06,Apparel,New,4,763.61,3054.44,155.78,5.5,4
NC-20186,2026-02-06,Electronics,New,1,4594.4,51839.34,176.13,5.1,4
NC-20367,2026-02-07,Apparel,New,2,507.92,1015.84,148.55,4.9,5
NC-20305,2026-02-08,Beauty,Returning,2,693.86,1387.72,192.04,5.0,5
NC-20129,2026-02-08,Electronics,Returning,1,2573.82,2573.82,153.76,7.9,4
NC-20487,2026-02-08,Apparel,New,1,930.65,930.65,171.4,5.0,3
NC-20216,2026-02-10,Apparel,New,2,1678.06,3356.12,145.42,3.6,4
NC-20107,2026-02-11,Home & Living,New,2,486.64,973.28,121.61,1.8,5
NC-20272,2026-02-11,Electronics,Wholesale,41,1492.47,61191.27,124.43,2.8,5
NC-20284,2026-02-11,Home & Living,Wholesale,22,961.99,21163.78,149.59,2.8,4
NC-20093,2026-02-11,Apparel,Wholesale,38,1196.53,45468.14,177.62,5.1,4
NC-20482,2026-02-11,Apparel,Returning,1,460.6,460.6,173.23,3.7,5
NC-20277,2026-02-11,Electronics,Returning,2,11584.02,23168.04,137.63,2.3,2
NC-20273,2026-02-12,Apparel,New,1,981.82,981.82,135.88,3.3,4
NC-20402,2026-02-12,Sports,Returning,1,3844.48,3844.48,167.09,4.0,4
NC-20071,2026-02-12,Home & Living,Returning,3,5266.07,15798.21,123.74,6.7,2
NC-20311,2026-02-13,Home & Living,Wholesale,32,553.21,17702.72,218.14,5.6,3
NC-20333,2026-02-13,Beauty,New,2,876.89,1753.78,181.12,5.1,4
NC-20240,2026-02-13,Sports,New,4,617.32,2469.28,164.01,5.8,5
NC-20414,2026-02-13,Apparel,Returning,2,2034.76,4069.52,153.42,3.7,5
NC-20035,2026-02-14,Home & Living,Returning,2,467.12,934.24,134.06,1.0,2
NC-20175,2026-02-14,Electronics,Returning,3,3496.77,10490.31,143.54,5.4,4
NC-20480,2026-02-14,Electronics,Returning,1,2884.22,2884.22,127.26,7.5,4
NC-20294,2026-02-14,Home & Living,Returning,3,1440.55,4321.65,171.77,4.4,2
NC-20249,2026-02-15,Beauty,Returning,1,662.99,662.99,124.58,4.6,2
NC-20428,2026-02-15,Apparel,Returning,2,2140.57,4281.14,154.21,5.0,5
NC-20244,2026-02-16,Home & Living,New,2,2079.51,4159.02,150.81,3.1,5
NC-20267,2026-02-16,Sports,New,2,1826.24,3652.48,98.27,2.9,4
NC-20362,2026-02-17,Home & Living,Returning,3,996.28,2988.84,160.78,6.6,4
NC-20419,2026-02-18,Home & Living,New,2,1464.07,2928.14,146.91,8.6,2
NC-20137,2026-02-18,Sports,New,1,1397.26,1397.26,188.64,4.8,5
NC-20011,2026-02-19,Apparel,Returning,2,769.97,1539.94,178.27,4.8,4
NC-20289,2026-02-19,Beauty,New,1,673.45,673.45,143.08,5.3,3
NC-20126,2026-02-19,Apparel,New,3,815.96,2447.88,127.17,4.5,4
NC-20076,2026-02-19,Beauty,New,1,846.83,846.83,145.35,4.8,5
NC-20202,2026-02-20,Home & Living,Returning,1,1434.02,1434.02,153.14,2.8,3
NC-20044,2026-02-20,Beauty,Returning,1,300.61,300.61,164.22,3.8,4
NC-20145,2026-02-21,Apparel,New,2,911.72,1823.44,168.84,4.3,4
NC-20316,2026-02-21,Beauty,Returning,1,1078.35,1078.35,134.98,4.5,3
NC-20164,2026-02-21,Electronics,New,1,6340.79,6340.79,134.01,3.5,3
NC-20030,2026-02-21,Home & Living,New,1,1528.14,1528.14,140.46,1.0,4
NC-20060,2026-02-21,Home & Living,New,1,2281.63,2281.63,160.77,6.4,4
NC-20135,2026-02-22,Sports,Returning,3,1808.17,5424.51,128.69,3.7,4
NC-20491,2026-02-22,Apparel,Returning,4,379.05,1516.2,210.18,3.2,5
NC-20420,2026-02-22,Apparel,Returning,1,522.64,522.64,149.7,5.0,5
NC-20488,2026-02-22,Home & Living,New,4,5022.06,20088.24,133.08,4.9,2
NC-20442,2026-02-24,Apparel,Returning,2,599.57,1199.14,162.22,5.3,3
NC-20094,2026-02-24,Home & Living,Returning,2,1004.15,2008.3,168.04,1.2,5
NC-20251,2026-02-24,Apparel,Returning,1,1528.43,1528.43,149.89,4.4,2
NC-20472,2026-02-24,Apparel,Wholesale,23,333.35,7667.05,124.29,4.9,4
NC-20096,2026-02-24,Beauty,Returning,1,579.81,579.81,117.44,3.3,5
NC-20031,2026-02-25,Home & Living,New,2,1518.87,3037.74,152.38,8.0,4
NC-20486,2026-02-25,Apparel,Returning,2,1540.18,3080.36,135.54,3.6,4
NC-20467,2026-02-25,Beauty,New,1,775.73,775.73,150.23,3.9,5
NC-20146,2026-02-25,Sports,Returning,1,765.57,765.57,127.19,5.5,4
NC-20230,2026-02-25,Beauty,New,1,564.33,564.33,155.32,4.6,2
NC-20493,2026-02-26,Sports,Returning,2,2074.95,4149.9,182.3,4.0,4
NC-20365,2026-02-26,Home & Living,New,3,1023.21,3069.63,159.85,2.1,5
NC-20106,2026-02-27,Apparel,New,1,1497.57,1497.57,126.36,4.7,4
NC-20495,2026-02-27,Home & Living,Wholesale,30,1476.15,44284.5,139.83,5.0,5
NC-20064,2026-02-27,Electronics,New,2,2741.08,5482.16,127.71,2.4,4
NC-20312,2026-02-27,Apparel,New,1,1837.6,1837.6,189.03,3.7,5
NC-20025,2026-02-27,Electronics,Returning,1,9913.93,9913.93,147.68,8.7,2
NC-20119,2026-02-28,Apparel,Returning,1,464.93,464.93,132.32,4.6,5
NC-20100,2026-02-28,Electronics,Returning,1,1658.68,1658.68,113.65,4.1,4
NC-20056,2026-02-28,Electronics,New,3,3558.53,10675.59,156.65,7.2,2
NC-20247,2026-03-01,Electronics,Returning,2,2166.54,4333.08,118.47,3.4,5
NC-20275,2026-03-01,Apparel,New,1,721.83,721.83,140.47,4.1,5
NC-20004,2026-03-01,Apparel,Returning,3,1422.77,4268.31,143.04,3.8,5
NC-20476,2026-03-01,Home & Living,Returning,3,5874.75,17624.25,106.79,1.1,3
NC-20099,2026-03-02,Electronics,Returning,4,741.5,2966.0,115.23,2.0,5
NC-20391,2026-03-02,Beauty,New,1,743.64,743.64,145.02,4.5,5
NC-20408,2026-03-02,Beauty,Wholesale,40,310.25,12410.0,182.21,3.6,5
NC-20171,2026-03-03,Apparel,Returning,1,557.56,557.56,134.34,5.4,4
NC-20351,2026-03-03,Apparel,Wholesale,58,1051.97,61014.26,198.2,6.1,4
NC-20413,2026-03-04,Sports,Returning,1,1540.54,1540.54,138.23,7.2,5
NC-20203,2026-03-04,Home & Living,Returning,1,1476.48,1476.48,161.75,4.0,3
NC-20478,2026-03-06,Home & Living,Returning,1,865.6,865.6,149.73,5.7,2
NC-20292,2026-03-06,Electronics,New,2,2123.23,4246.46,77.5,3.4,5
NC-20021,2026-03-06,Apparel,New,2,1070.86,2141.72,118.46,3.8,2
NC-20143,2026-03-06,Apparel,Returning,1,551.2,551.2,192.62,2.2,3
NC-20051,2026-03-06,Apparel,Returning,3,777.53,2332.59,149.48,3.9,2
NC-20173,2026-03-07,Home & Living,New,2,904.56,1809.12,119.7,4.2,3
NC-20225,2026-03-08,Home & Living,New,3,931.61,2794.83,153.62,7.2,5
NC-20322,2026-03-08,Electronics,New,3,2370.7,7112.1,141.09,3.3,4
NC-20239,2026-03-08,Home & Living,Returning,1,693.51,693.51,134.31,5.9,5
NC-20258,2026-03-09,Beauty,New,1,669.64,49951.35,154.31,3.5,3
NC-20300,2026-03-09,Apparel,Returning,1,685.28,685.28,98.62,3.0,2
NC-20070,2026-03-09,Apparel,New,1,947.22,947.22,221.28,3.6,4
NC-20158,2026-03-09,Apparel,New,1,1201.7,1201.7,114.97,3.8,5
NC-20430,2026-03-09,Home & Living,Wholesale,41,1019.85,41813.85,174.47,5.7,4
NC-20102,2026-03-10,Home & Living,Returning,1,1315.42,1315.42,175.56,1.0,4
NC-20361,2026-03-10,Apparel,Returning,3,1068.57,3205.71,131.35,4.3,5
NC-20088,2026-03-10,Apparel,Wholesale,42,924.81,38842.02,168.65,3.5,5
NC-20450,2026-03-11,Beauty,Returning,3,537.18,1611.54,143.86,3.3,4
NC-20082,2026-03-11,Sports,Returning,1,641.28,641.28,159.88,7.2,5
NC-20068,2026-03-11,Electronics,Returning,3,2793.79,8381.37,159.38,1.3,4
NC-20438,2026-03-11,Home & Living,Returning,1,1573.54,1573.54,145.71,1.3,5
NC-20182,2026-03-12,Beauty,Returning,2,509.4,1018.8,149.73,4.9,5
NC-20484,2026-03-12,Sports,New,1,1372.82,1372.82,135.7,3.1,5
NC-20443,2026-03-12,Electronics,Wholesale,38,1286.41,48883.58,191.75,1.0,5
NC-20360,2026-03-13,Home & Living,New,2,1837.78,3675.56,159.18,7.5,5
NC-20374,2026-03-13,Sports,Wholesale,46,2120.84,97558.64,113.25,2.3,5
NC-20303,2026-03-14,Beauty,Returning,5,733.26,3666.3,143.37,4.5,3
NC-20141,2026-03-14,Beauty,New,2,542.04,1084.08,166.87,5.1,4
NC-20214,2026-03-14,Home & Living,Returning,2,2725.31,5450.62,173.9,1.9,5
NC-20463,2026-03-14,Home & Living,New,3,1873.73,5621.19,135.69,8.0,5
NC-20183,2026-03-14,Beauty,New,1,455.2,455.2,143.48,4.1,5
NC-20108,2026-03-15,Home & Living,Returning,4,1480.17,5920.68,146.7,1.3,2
NC-20124,2026-03-16,Home & Living,New,1,1328.51,1328.51,132.46,4.4,3
NC-20348,2026-03-16,Sports,New,3,504.14,1512.42,181.51,4.8,2
NC-20460,2026-03-16,Apparel,New,1,841.25,841.25,240.51,6.2,5
NC-20285,2026-03-16,Beauty,Returning,2,439.75,879.5,125.82,4.9,4
NC-20123,2026-03-17,Beauty,Wholesale,46,491.62,22614.52,195.19,2.5,5
NC-20334,2026-03-17,Electronics,Returning,2,2266.65,4533.3,163.68,3.9,4
NC-20253,2026-03-17,Apparel,Returning,2,1530.63,3061.26,147.98,4.0,3
NC-20421,2026-03-17,Home & Living,New,1,1349.92,1349.92,116.85,5.5,5
NC-20032,2026-03-17,Apparel,New,3,789.35,2368.05,120.82,4.1,5
NC-20400,2026-03-19,Home & Living,New,3,3367.11,10101.33,182.53,4.5,4
NC-20260,2026-03-19,Apparel,Returning,4,1352.98,5411.92,180.09,3.5,5
NC-20331,2026-03-19,Home & Living,Returning,3,2212.67,6638.01,166.48,2.7,4
NC-20172,2026-03-19,Home & Living,New,1,1521.23,1521.23,192.99,4.1,5
NC-20271,2026-03-20,Home & Living,Returning,3,1167.45,3502.35,134.32,1.0,5
NC-20406,2026-03-20,Sports,Returning,2,1757.85,3515.7,151.51,4.6,2
NC-20278,2026-03-20,Beauty,Returning,2,516.21,1032.42,148.69,999.0,2
NC-20166,2026-03-20,Apparel,New,1,1609.14,1609.14,122.87,5.6,4
NC-20223,2026-03-20,Home & Living,Wholesale,54,1020.71,55118.34,148.01,4.5,5
NC-20005,2026-03-20,Apparel,Returning,3,842.37,2527.11,108.76,4.7,4
NC-20181,2026-03-21,Sports,New,3,1812.44,5437.32,149.84,6.4,5
NC-20290,2026-03-21,Sports,New,1,1048.51,1048.51,133.21,5.9,4
NC-20426,2026-03-22,Sports,New,1,1013.4,1013.4,136.13,3.7,4
NC-20140,2026-03-22,Sports,Returning,1,1031.62,1031.62,128.01,3.5,5
NC-20168,2026-03-22,Home & Living,Wholesale,56,1304.18,73034.08,196.01,7.5,3
NC-20397,2026-03-22,Beauty,Returning,1,290.84,290.84,98.52,3.7,5
NC-20454,2026-03-25,Home & Living,New,2,2029.98,4059.96,147.95,5.3,5
NC-20432,2026-03-26,Electronics,New,2,2031.6,4063.2,106.72,6.6,4
NC-20471,2026-03-26,Electronics,New,1,8170.65,8170.65,137.42,7.4,4
NC-20357,2026-03-26,Beauty,Returning,1,560.24,560.24,159.12,3.4,2
NC-20474,2026-03-26,Home & Living,Returning,2,1052.34,2104.68,126.68,5.5,2
NC-20245,2026-03-26,Electronics,Returning,1,7197.09,7197.09,139.29,2.7,5
NC-20162,2026-03-29,Sports,New,2,1277.79,2555.58,157.96,5.6,3
NC-20039,2026-03-30,Beauty,Returning,3,558.6,1675.8,143.24,5.4,5
NC-20151,2026-03-30,Apparel,Returning,1,1501.11,1501.11,103.72,4.0,3
NC-20266,2026-03-31,Electronics,Returning,1,5852.12,5852.12,115.89,4.7,4
NC-20062,2026-03-31,Home & Living,New,1,3660.1,3660.1,143.31,4.9,5
NC-20138,2026-03-31,Home & Living,Returning,2,1781.42,3562.84,158.65,999.0,4
NC-20255,2026-03-31,Apparel,New,2,1209.09,2418.18,120.81,3.8,5
NC-20452,2026-03-31,Home & Living,New,1,1722.13,1722.13,135.75,9.1,1
NC-20489,2026-04-01,Sports,New,1,777.78,7777.8,150.15,5.5,5
NC-20380,2026-04-02,Sports,Wholesale,28,1805.17,50544.76,149.73,4.2,4
NC-20235,2026-04-02,Electronics,New,1,9759.98,9759.98,148.93,3.0,2
NC-20205,2026-04-02,Home & Living,Returning,2,557.57,1115.14,199.18,3.8,3
NC-20209,2026-04-02,Beauty,New,2,650.13,1300.26,150.58,4.7,4
NC-20282,2026-04-03,Apparel,Returning,3,653.75,1961.25,161.26,4.6,4
NC-20335,2026-04-03,Sports,New,1,1478.46,1478.46,199.82,4.1,4
NC-20195,2026-04-03,Electronics,New,4,1613.47,6453.88,150.46,4.4,2
NC-20115,2026-04-04,Electronics,New,1,4090.47,4090.47,102.39,1.0,4
NC-20213,2026-04-05,Electronics,Returning,1,5842.31,5842.31,143.07,5.3,4
NC-20326,2026-04-05,Electronics,Returning,1,3867.11,3867.11,137.31,1.8,4
NC-20321,2026-04-05,Sports,New,1,1192.88,1192.88,131.61,5.1,5
NC-20320,2026-04-05,Beauty,Returning,1,619.53,619.53,143.08,5.2,5
NC-20257,2026-04-05,Electronics,New,3,3037.54,9112.62,143.67,8.1,1
NC-20415,2026-04-05,Apparel,New,5,595.72,2978.6,145.61,4.1,2
NC-20154,2026-04-06,Beauty,New,3,469.4,1408.2,119.65,4.7,2
NC-20279,2026-04-07,Beauty,Wholesale,34,287.93,9789.62,163.44,5.1,5
NC-20500,2026-04-07,Electronics,New,2,2435.32,4870.64,110.83,1.0,4
NC-20283,2026-04-08,Electronics,New,2,5378.05,10756.1,154.32,28.0,1
NC-20386,2026-04-08,Apparel,New,2,484.31,968.62,207.02,4.4,5
NC-20307,2026-04-08,Apparel,Wholesale,43,1489.41,64044.63,213.06,4.3,5
NC-20234,2026-04-08,Sports,New,1,1466.78,1466.78,133.97,5.0,3
NC-20020,2026-04-08,Sports,Returning,3,1302.74,3908.22,108.05,6.0,5
NC-20238,2026-04-09,Apparel,Returning,1,609.49,609.49,210.56,5.4,5
NC-20390,2026-04-09,Beauty,New,2,483.62,967.24,113.25,4.6,5
NC-20120,2026-04-10,Beauty,Returning,2,666.88,1333.76,184.62,5.0,4
NC-20330,2026-04-10,Electronics,New,1,3178.87,3178.87,142.71,22.0,1
NC-20024,2026-04-10,Electronics,Returning,1,4146.6,4146.6,193.71,1.9,5
NC-20318,2026-04-11,Apparel,Returning,1,857.42,857.42,146.13,4.5,5
NC-20184,2026-04-11,Home & Living,Returning,3,630.7,1892.1,144.78,1.0,4
NC-20417,2026-04-11,Beauty,Returning,2,1033.34,2066.68,127.74,3.5,4
NC-20485,2026-04-11,Apparel,Returning,1,992.49,992.49,96.18,4.7,4
NC-20373,2026-04-11,Sports,New,1,1333.86,1333.86,135.48,4.0,5
NC-20252,2026-04-12,Home & Living,Returning,1,2780.79,2780.79,178.85,7.1,5
NC-20429,2026-04-13,Beauty,Returning,3,935.6,2806.8,194.18,4.5,4
NC-20220,2026-04-13,Beauty,Returning,1,378.18,378.18,144.57,3.4,2
NC-20297,2026-04-14,Sports,Returning,2,1684.32,3368.64,161.46,5.4,5
NC-20014,2026-04-15,Apparel,Returning,1,931.92,931.92,138.41,0.0,2
NC-20122,2026-04-15,Home & Living,New,1,2225.26,2225.26,191.38,1.1,5
NC-20293,2026-04-15,Beauty,Wholesale,46,776.34,35711.64,191.53,3.8,5
NC-20269,2026-04-15,Apparel,Returning,3,297.1,891.3,111.72,4.1,3
NC-20097,2026-04-16,Electronics,New,3,1220.62,3661.86,188.54,2.9,2
NC-20022,2026-04-16,Electronics,Returning,2,2538.12,5076.24,171.46,1.8,5
NC-20046,2026-04-16,Beauty,New,2,1033.7,2067.4,141.84,2.6,3
NC-20479,2026-04-17,Apparel,New,2,968.8,1937.6,114.89,4.5,4
NC-20090,2026-04-17,Apparel,Returning,1,1522.1,46948.06,153.71,3.5,4
NC-20043,2026-04-18,Home & Living,Returning,2,850.35,1700.7,198.33,3.1,5
NC-20059,2026-04-18,Sports,New,1,974.46,974.46,124.68,4.1,4
NC-20456,2026-04-18,Apparel,New,1,748.47,748.47,141.19,3.4,4
NC-20236,2026-04-19,Electronics,Returning,2,3229.0,6458.0,123.73,3.6,4
NC-20196,2026-04-20,Home & Living,Returning,1,3433.08,3433.08,115.91,5.3,4
NC-20317,2026-04-21,Sports,Returning,2,1774.87,3549.74,107.67,3.7,5
NC-20204,2026-04-21,Electronics,Returning,2,3130.94,6261.88,95.66,1.0,5
NC-20407,2026-04-21,Home & Living,New,3,1600.07,4800.21,124.76,2.5,4
NC-20370,2026-04-21,Electronics,New,3,1428.77,4286.31,177.24,6.8,4
NC-20067,2026-04-21,Apparel,New,2,628.62,1257.24,150.31,3.7,4
NC-20036,2026-04-22,Apparel,New,2,1061.37,2122.74,207.66,4.7,3
NC-20073,2026-04-22,Beauty,Wholesale,46,319.27,14686.42,199.41,4.9,5
NC-20206,2026-04-22,Electronics,New,2,3006.73,6013.46,149.45,6.6,2
NC-20378,2026-04-22,Home & Living,New,3,1322.5,3967.5,159.05,5.3,2
NC-20160,2026-04-23,Electronics,New,2,2053.71,4107.42,127.91,4.8,4
NC-20446,2026-04-24,Apparel,New,2,2599.56,5199.12,140.64,3.2,3
NC-20193,2026-04-24,Electronics,New,1,2820.66,2820.66,145.74,6.3,4
NC-20054,2026-04-24,Apparel,New,1,1978.92,1978.92,171.07,3.8,4
NC-20085,2026-04-24,Sports,New,1,375.91,375.91,161.37,5.5,2
NC-20376,2026-04-24,Sports,New,2,791.39,1582.78,135.4,4.6,5
NC-20371,2026-04-24,Electronics,New,3,1195.37,3586.11,201.78,2.8,5
NC-20161,2026-04-25,Apparel,New,1,1998.97,1998.97,189.62,5.2,2
NC-20038,2026-04-25,Electronics,New,1,2114.22,2114.22,139.91,8.7,3
NC-20002,2026-04-26,Sports,Returning,1,1082.66,1082.66,141.87,4.2,5
NC-20178,2026-04-26,Beauty,Returning,3,577.43,1732.29,166.34,5.0,2
NC-20451,2026-04-27,Apparel,Returning,2,1287.72,2575.44,220.1,5.1,5
NC-20490,2026-04-27,Sports,New,2,1242.0,2484.0,123.14,4.0,4
NC-20103,2026-04-27,Apparel,New,2,967.54,1935.08,183.52,4.5,5
NC-20065,2026-04-29,Apparel,New,1,1334.97,1334.97,102.54,4.4,5
NC-20455,2026-04-30,Home & Living,Returning,2,1095.17,2190.34,187.17,3.9,3
NC-20368,2026-04-30,Beauty,Returning,4,0.0,2037.84,153.66,5.0,4
NC-20332,2026-04-30,Apparel,New,4,439.03,1756.12,164.18,4.5,5
NC-20459,2026-05-01,Beauty,Returning,2,371.08,742.16,137.3,4.8,3
NC-20265,2026-05-01,Electronics,New,1,3774.18,3774.18,86.82,1.0,5
NC-20133,2026-05-01,Apparel,New,1,600.43,600.43,189.14,4.0,3
NC-20228,2026-05-01,Home & Living,Wholesale,49,1906.68,93427.32,212.4,4.9,5
NC-20418,2026-05-01,Apparel,Wholesale,32,1363.15,43620.8,195.41,4.4,5
NC-20189,2026-05-01,Apparel,Returning,2,759.19,1518.38,148.48,3.7,4
NC-20327,2026-05-01,Electronics,New,1,1877.49,1877.49,141.68,1.0,5
NC-20104,2026-05-01,Home & Living,New,1,1704.72,1704.72,152.36,5.0,4
NC-20006,2026-05-02,Beauty,Returning,4,859.43,3437.72,123.53,3.8,4
NC-20155,2026-05-02,Home & Living,Returning,1,520.91,520.91,182.01,2.5,4
NC-20075,2026-05-03,Electronics,Returning,3,2563.35,7690.05,164.79,5.5,5
NC-20358,2026-05-03,Home & Living,Wholesale,54,1350.57,72930.78,185.93,5.3,4
NC-20270,2026-05-03,Beauty,New,2,478.33,956.66,151.9,4.4,5
NC-20401,2026-05-03,Apparel,New,4,335.01,1340.04,170.31,4.3,5
NC-20268,2026-05-04,Apparel,New,1,1046.77,1046.77,195.18,6.2,4
NC-20444,2026-05-04,Beauty,Wholesale,54,302.76,16349.04,188.72,4.5,5
NC-20150,2026-05-04,Sports,Wholesale,20,644.1,12882.0,147.41,5.1,3
NC-20466,2026-05-05,Apparel,Returning,1,587.28,587.28,169.16,4.0,5
NC-20163,2026-05-05,Beauty,New,3,602.69,1808.07,165.08,3.9,5
NC-20066,2026-05-05,Apparel,Returning,2,766.77,1533.54,184.15,5.0,4
NC-20424,2026-05-05,Beauty,New,1,620.96,620.96,115.84,4.9,5
NC-20084,2026-05-06,Electronics,New,2,2135.86,4271.72,201.24,4.4,4
NC-20411,2026-05-06,Beauty,Returning,2,255.26,510.52,117.3,4.2,5
NC-20008,2026-05-06,Beauty,Returning,1,583.06,583.06,156.3,5.0,5
NC-20359,2026-05-07,Electronics,Wholesale,22,4796.83,105530.26,195.56,6.2,2
NC-20364,2026-05-07,Home & Living,New,2,1528.39,3056.78,166.76,4.3,4
NC-20250,2026-05-07,Apparel,New,1,1197.49,1197.49,162.05,5.7,2
NC-20130,2026-05-07,Apparel,New,1,736.19,736.19,144.41,5.1,4
NC-20299,2026-05-07,Beauty,Returning,3,673.0,2019.0,122.78,3.7,5
NC-20462,2026-05-08,Beauty,Returning,2,622.92,1245.84,132.37,4.6,5
NC-20050,2026-05-08,Beauty,New,3,666.27,1998.81,178.95,4.8,5
NC-20248,2026-05-08,Home & Living,New,2,1242.11,2484.22,168.75,25.7,5
NC-20057,2026-05-08,Beauty,Wholesale,31,347.31,10766.61,193.0,4.7,4
NC-20117,2026-05-09,Beauty,New,1,1204.19,1204.19,180.74,4.7,3
NC-20328,2026-05-09,Sports,New,4,1199.64,4798.56,191.17,2.7,4
NC-20009,2026-05-10,Beauty,New,3,731.44,2194.32,147.55,4.9,5
NC-20264,2026-05-11,Electronics,New,2,4978.69,9957.38,184.69,4.5,4
NC-20422,2026-05-11,Beauty,New,3,284.59,853.77,131.78,4.7,4
NC-20127,2026-05-12,Electronics,Returning,2,2341.5,4683.0,120.43,4.4,4
NC-20112,2026-05-12,Sports,Returning,2,707.91,1415.82,144.06,2.2,5
NC-20081,2026-05-12,Electronics,Wholesale,28,2159.5,60466.0,198.72,7.1,5
NC-20280,2026-05-13,Beauty,New,2,652.5,1305.0,158.79,3.7,4
NC-20259,2026-05-13,Home & Living,New,1,1212.91,1212.91,148.15,8.2,1
NC-20436,2026-05-14,Electronics,New,1,2771.19,2771.19,167.99,1.9,3
NC-20274,2026-05-15,Sports,Returning,3,0.0,5830.56,170.27,5.5,3
NC-20197,2026-05-15,Electronics,Wholesale,25,700.34,17508.5,145.1,2.7,5
NC-20383,2026-05-15,Home & Living,New,1,746.35,746.35,168.88,1.7,3
NC-20015,2026-05-15,Home & Living,Returning,2,926.85,1853.7,165.02,4.1,4
NC-20434,2026-05-16,Home & Living,Returning,1,2376.34,2376.34,189.06,7.4,4
NC-20149,2026-05-17,Home & Living,New,4,1608.9,6435.6,182.92,2.2,5
NC-20393,2026-05-17,Home & Living,New,3,585.69,1757.07,119.71,7.3,4
NC-20167,2026-05-17,Home & Living,Returning,1,1591.6,1591.6,112.5,5.0,4
NC-20077,2026-05-17,Sports,Returning,2,739.29,1478.58,196.22,3.0,5
NC-20325,2026-05-18,Sports,Returning,1,484.43,484.43,121.62,5.2,5
NC-20174,2026-05-18,Electronics,Returning,2,3171.29,6342.58,120.95,4.0,5
NC-20045,2026-05-18,Home & Living,Returning,3,895.37,2686.11,166.52,3.2,3
NC-20356,2026-05-19,Electronics,New,2,1532.36,3064.72,94.41,2.0,5
NC-20210,2026-05-19,Electronics,Returning,5,4901.28,24506.4,135.3,4.0,4
NC-20241,2026-05-20,Apparel,New,2,1615.45,3230.9,141.46,4.0,5
NC-20165,2026-05-20,Home & Living,Returning,2,5299.81,10599.62,88.15,1.0,5
NC-20132,2026-05-20,Home & Living,Returning,3,1442.62,4327.86,138.1,1.0,5
NC-20198,2026-05-22,Apparel,Returning,2,771.23,1542.46,116.99,4.2,4
NC-20423,2026-05-22,Electronics,Returning,1,1146.82,1146.82,150.91,4.2,4
NC-20394,2026-05-23,Beauty,New,1,541.26,541.26,156.25,4.6,4
NC-20405,2026-05-23,Electronics,Returning,4,7081.23,28324.92,154.31,4.6,5
NC-20445,2026-05-23,Electronics,New,1,8118.87,8118.87,122.9,2.3,5
NC-20304,2026-05-23,Beauty,New,1,968.1,968.1,79.59,3.9,5
NC-20441,2026-05-23,Home & Living,Returning,2,1664.8,3329.6,168.62,6.4,5
NC-20007,2026-05-24,Electronics,New,3,3331.36,9994.08,153.41,999.0,5
NC-20464,2026-05-24,Apparel,New,1,473.88,473.88,157.42,3.3,5
NC-20211,2026-05-25,Apparel,Returning,2,1344.19,2688.38,214.32,3.9,5
NC-20194,2026-05-25,Home & Living,New,1,575.03,575.03,151.22,2.0,2
NC-20190,2026-05-25,Apparel,Wholesale,33,762.56,25164.48,177.69,3.4,5
NC-20058,2026-05-25,Apparel,New,1,1167.36,1167.36,173.68,3.4,5
NC-20212,2026-05-25,Apparel,New,3,718.1,2154.3,118.16,4.2,5
NC-20101,2026-05-25,Sports,Returning,1,963.53,963.53,145.64,3.6,4
NC-20379,2026-05-25,Home & Living,New,1,1248.83,1248.83,163.73,3.1,5
NC-20323,2026-05-26,Beauty,Returning,2,595.21,1190.42,134.81,2.7,3
NC-20382,2026-05-26,Apparel,Returning,2,533.64,1067.28,119.49,4.3,2
NC-20109,2026-05-26,Apparel,Wholesale,45,505.94,22767.3,127.08,4.3,4
NC-20208,2026-05-26,Sports,Returning,3,843.1,2529.3,182.4,5.8,4
NC-20111,2026-05-27,Beauty,Wholesale,53,493.72,26167.16,203.08,5.8,4
NC-20226,2026-05-28,Electronics,New,3,3252.87,9758.61,163.76,2.7,5
NC-20276,2026-05-28,Beauty,New,2,409.18,818.36,176.72,4.7,3
NC-20309,2026-05-29,Electronics,Returning,4,1311.54,5246.16,140.73,3.0,3
NC-20159,2026-05-29,Apparel,New,1,491.81,491.81,142.45,4.6,5
NC-20261,2026-05-29,Electronics,New,2,2635.08,5270.16,87.9,3.4,5
NC-20347,2026-05-29,Sports,Returning,1,986.85,986.85,107.38,5.0,5
NC-20215,2026-05-30,Beauty,New,1,885.77,885.77,113.91,4.9,4
NC-20041,2026-05-31,Apparel,Wholesale,29,353.83,10261.07,184.85,4.1,5
NC-20233,2026-05-31,Beauty,Wholesale,34,451.18,15340.12,181.6,4.2,2
NC-20086,2026-05-31,Home & Living,Returning,2,2186.17,4372.34,145.87,3.9,2
NC-20286,2026-06-01,Electronics,New,2,3680.21,7360.42,192.41,2.0,4
NC-20069,2026-06-01,Sports,New,2,565.46,1130.92,203.83,5.7,5
NC-20237,2026-06-01,Home & Living,Returning,2,679.51,1359.02,194.52,6.4,3
NC-20384,2026-06-01,Electronics,New,2,4056.72,8113.44,102.96,2.9,5
NC-20496,2026-06-01,Electronics,Returning,1,3170.68,3170.68,178.39,5.4,5
NC-20427,2026-06-02,Apparel,Returning,2,854.87,1709.74,184.51,4.4,4
NC-20033,2026-06-02,Electronics,Returning,2,1073.57,2147.14,162.71,7.3,4
NC-20201,2026-06-02,Beauty,Returning,2,457.25,914.5,116.64,4.9,3
NC-20232,2026-06-02,Beauty,Returning,2,690.08,1380.16,144.46,3.8,5
NC-20363,2026-06-02,Apparel,Returning,1,502.59,502.59,134.29,3.5,4
NC-20131,2026-06-02,Sports,Returning,1,615.83,615.83,143.69,5.3,4
NC-20095,2026-06-03,Apparel,New,2,584.65,1169.3,153.56,4.9,5
NC-20338,2026-06-03,Electronics,Returning,1,2061.61,2061.61,133.56,6.4,5
NC-20350,2026-06-03,Apparel,New,1,3029.11,3029.11,157.65,4.1,3
NC-20342,2026-06-03,Apparel,New,4,1008.24,4032.96,107.69,4.7,5
NC-20018,2026-06-05,Beauty,Returning,1,704.32,704.32,159.5,3.9,5
NC-20134,2026-06-05,Apparel,New,2,827.71,1655.42,135.78,3.9,4
NC-20425,2026-06-05,Electronics,Returning,5,1781.72,8908.6,115.64,3.5,4
NC-20308,2026-06-06,Apparel,New,2,966.96,1933.92,147.18,6.0,2
NC-20465,2026-06-06,Beauty,New,1,456.45,456.45,158.28,3.6,2
NC-20458,2026-06-06,Apparel,Wholesale,28,597.38,16726.64,174.75,4.6,4
NC-20147,2026-06-07,Electronics,Returning,1,2432.63,2432.63,185.69,3.2,4
NC-20116,2026-06-07,Beauty,Returning,1,477.57,477.57,126.92,3.2,4
NC-20098,2026-06-07,Apparel,Returning,1,1740.33,1740.33,125.19,5.2,5
NC-20169,2026-06-07,Apparel,New,1,1185.22,1185.22,148.9,4.1,3
NC-20262,2026-06-07,Beauty,Returning,2,439.33,878.66,158.18,4.8,3
NC-20256,2026-06-07,Apparel,New,3,450.83,1352.49,168.68,4.2,5
NC-20053,2026-06-07,Electronics,New,3,4687.44,14062.32,172.45,1.1,4
NC-20431,2026-06-07,Beauty,New,4,907.8,3631.2,142.7,3.0,5
NC-20310,2026-06-08,Beauty,Wholesale,38,339.74,12910.12,163.43,4.3,4
NC-20372,2026-06-08,Electronics,New,2,3688.59,7377.18,137.45,1.5,4
NC-20048,2026-06-08,Home & Living,Returning,2,2077.11,4154.22,145.8,3.8,5
NC-20343,2026-06-08,Beauty,Returning,1,372.3,372.3,91.03,3.8,5
NC-20156,2026-06-08,Sports,Returning,3,1075.85,3227.55,190.56,2.0,4
NC-20199,2026-06-09,Sports,Returning,1,1218.3,1218.3,151.78,7.0,5
NC-20188,2026-06-11,Electronics,Returning,2,1755.36,3510.72,144.67,21.9,3
NC-20439,2026-06-11,Home & Living,New,1,3459.6,3459.6,139.86,5.8,5
NC-20040,2026-06-11,Electronics,Returning,2,3901.27,7802.54,127.24,5.5,5
NC-20494,2026-06-11,Home & Living,Wholesale,22,722.8,15901.6,128.3,7.5,5
NC-20072,2026-06-11,Apparel,New,3,1503.07,45092.1,182.03,4.5,3
NC-20404,2026-06-12,Home & Living,Returning,2,2434.81,4869.62,113.49,4.4,5
NC-20083,2026-06-12,Home & Living,New,1,661.25,661.25,155.89,4.7,4
NC-20179,2026-06-12,Beauty,Returning,2,569.15,1138.3,200.45,4.0,5
NC-20375,2026-06-12,Apparel,Returning,2,457.65,915.3,144.62,4.3,5
NC-20055,2026-06-13,Apparel,New,4,980.06,3920.24,158.92,2.9,5
NC-20089,2026-06-15,Apparel,Returning,3,2081.3,6243.9,118.99,5.0,3
NC-20078,2026-06-15,Sports,Returning,5,787.36,3936.8,171.92,3.3,3
NC-20177,2026-06-15,Beauty,New,1,450.63,450.63,133.14,3.3,3
NC-20222,2026-06-16,Electronics,Returning,1,2370.97,2370.97,148.43,3.4,4
NC-20180,2026-06-17,Electronics,Returning,3,4320.53,12961.59,97.01,2.8,5
NC-20063,2026-06-17,Home & Living,Returning,2,527.89,1055.78,140.82,1.7,5
NC-20475,2026-06-18,Home & Living,Returning,1,348.71,348.71,144.91,6.0,5
NC-20354,2026-06-18,Home & Living,New,1,886.95,886.95,83.81,6.7,2
NC-20125,2026-06-18,Beauty,Returning,1,500.69,500.69,169.88,3.7,5
NC-20381,2026-06-19,Electronics,Wholesale,51,2066.27,105379.77,171.67,1.0,2
NC-20481,2026-06-19,Apparel,New,3,940.11,2820.33,124.67,5.2,5
NC-20483,2026-06-19,Apparel,Wholesale,27,467.99,12635.73,95.33,4.4,4
NC-20355,2026-06-19,Electronics,Wholesale,48,5768.95,276909.6,154.07,3.5,5
NC-20388,2026-06-20,Beauty,New,1,721.84,721.84,160.04,3.3,4
NC-20207,2026-06-20,Beauty,Returning,2,450.01,900.02,145.33,5.7,5
NC-20314,2026-06-21,Beauty,New,1,914.91,914.91,117.91,4.9,2
NC-20042,2026-06-21,Sports,Returning,4,473.75,1895.0,152.6,3.5,5
NC-20341,2026-06-21,Apparel,New,1,1021.75,1021.75,143.16,3.7,5
NC-20157,2026-06-21,Apparel,Returning,2,1446.09,2892.18,156.68,4.8,2
NC-20003,2026-06-21,Beauty,Returning,2,712.6,1425.2,174.97,4.6,5
NC-20306,2026-06-22,Apparel,Wholesale,37,1064.1,39371.7,170.54,2.7,4
NC-20037,2026-06-22,Apparel,New,1,647.6,647.6,137.28,5.0,5
NC-20447,2026-06-22,Beauty,New,2,709.27,1418.54,120.24,3.9,5
NC-20227,2026-06-22,Home & Living,Returning,1,2349.59,2349.59,179.94,7.4,3
NC-20170,2026-06-22,Sports,Returning,3,817.22,2451.66,126.34,1.5,5
NC-20263,2026-06-23,Electronics,New,1,8066.42,8066.42,101.17,5.3,5
NC-20153,2026-06-23,Home & Living,Returning,2,454.09,908.18,130.28,2.0,5
NC-20412,2026-06-23,Home & Living,Returning,1,6444.79,6444.79,82.62,2.8,2
NC-20191,2026-06-23,Electronics,New,2,4502.02,9004.04,143.36,0.0,5
NC-20017,2026-06-23,Sports,New,1,904.88,904.88,147.82,2.4,2
NC-20242,2026-06-24,Apparel,Wholesale,20,819.03,16380.6,204.72,4.1,2
NC-20291,2026-06-24,Electronics,Wholesale,34,14909.86,506935.24,233.67,2.8,3
NC-20469,2026-06-24,Apparel,New,2,1317.11,2634.22,164.44,4.1,5
NC-20187,2026-06-25,Electronics,Returning,4,3389.04,13556.16,138.05,3.7,4
NC-20001,2026-06-26,Home & Living,Returning,1,655.24,655.24,123.31,5.9,3
NC-20302,2026-06-26,Electronics,New,1,4518.72,4518.72,191.71,4.0,3
NC-20029,2026-06-27,Home & Living,New,1,1857.1,1857.1,127.74,14.7,4
NC-20435,2026-06-27,Sports,New,2,604.26,1208.52,158.31,3.8,4
NC-20019,2026-06-27,Home & Living,New,2,963.68,1927.36,138.76,5.6,5
NC-20353,2026-06-28,Electronics,New,1,4610.51,4610.51,128.26,2.8,4
NC-20254,2026-06-28,Apparel,New,3,1657.17,4971.51,181.08,3.9,5
NC-20288,2026-06-29,Home & Living,New,2,1064.65,2129.3,121.09,2.1,5
NC-20229,2026-06-29,Beauty,New,2,585.63,1171.26,160.72,4.3,5
